name,type,fullname,plan,isPro,isVerified,numModels,numDatasets,numSpaces,numFollowers,numLikes,numDiscussions,numPapers,numUsers,createdAt,crawled_at
permitframing,user,permitframing,,False,,1,0,0,0,0,0,0,,2025-11-05T22:46:29.000Z,1786077024.2819097
pero85v,user,Dmitry Perov,,False,,1,0,0,0,0,0,0,,2025-10-22T08:20:05.000Z,1786077123.9445796
perplexity-correlations,org,Perplexity Correlations,,,False,8,0,0,4,,,0,1,,1786077124.0905864
perolofarnas,user,Per Olof Arnäs,,False,,1,0,0,0,0,0,0,,2023-04-06T10:38:35.000Z,1786077124.0946095
peroko,user,mako,,False,,1,0,0,0,0,0,0,,2024-06-12T00:03:06.000Z,1786077124.1139417
peroperoperopero,user,444,,False,,1,0,0,0,0,0,0,,2026-03-21T05:09:12.000Z,1786077124.1151457
perorina,user,PERORORINA,,False,,21,0,0,4,31,0,0,,2022-12-29T06:27:21.000Z,1786077124.1524916
perpz,user,apt,,False,,1,0,0,0,0,0,0,,2025-04-03T13:34:48.000Z,1786077124.1659508
perpetual3x,user,Perpetual,,False,,12,0,0,7,0,0,0,,2026-06-22T15:38:42.000Z,1786077124.171841
perppendicular,user,Alan Luis Vergel Juarez,,False,,2,0,0,0,4,1,0,,2023-01-11T07:41:11.000Z,1786077124.173012
pes1ug23am219,user,priyanka,,False,,2,1,0,0,0,0,0,,2025-05-25T09:16:37.000Z,1786077586.3621285
pesl98,user,Peter SLAKHORST,,False,,1,0,2,0,0,0,0,,2022-08-04T08:38:35.000Z,1786077717.0483787
pesnik,user,Rakibul Hasan,,False,,4,0,0,0,1,0,0,,2025-07-23T15:39:22.000Z,1786077720.1967673
pesoniq,user,Peson Choomjumrus,,False,,1,0,0,0,0,0,0,,2024-11-02T11:47:18.000Z,1786077720.2831213
pesotra,user,gfgdf,,False,,1,0,3,0,0,0,0,,2025-10-19T19:15:44.000Z,1786077720.377897
pesotsky,user,Viktor Pesotsky,,False,,1,0,0,0,0,1,0,,2024-09-09T11:16:25.000Z,1786077720.4516654
pessini,user,Leandro Pessini,,False,,6,0,0,1,0,0,0,,2023-04-28T17:46:31.000Z,1786077720.5291293
pest801a,user,mariusz kalinowski,,False,,1,0,0,0,0,0,0,,2025-03-18T09:10:02.000Z,1786077720.6082754
pestlee,user,heaven wang,,False,,1,0,0,0,0,0,0,,2026-01-13T01:17:43.000Z,1786077720.689934
pestova,user,Alena Pestova,,False,,2,0,0,0,0,0,0,,2023-10-18T08:31:02.000Z,1786077720.7635155
pesuchin,user,pesuchin,,False,,1,0,0,0,1,1,0,,2024-06-10T06:08:28.000Z,1786077720.845397
pesy,user,pesyy,,False,,1,0,0,0,1,0,0,,2025-06-08T13:12:50.000Z,1786077720.931201
peszkko,user,Leonardo Pesco,,False,,1,0,0,0,0,0,0,,2023-01-31T20:38:37.000Z,1786077721.006238
pet3art,user,Petr Simunek,,False,,2,0,0,1,0,0,0,,2026-02-07T19:06:35.000Z,1786077721.0854123
pet4n1,user,petani,,False,,3,0,0,0,3,0,0,,2025-04-07T10:36:33.000Z,1786077721.162181
petaah,user,lustisch,,False,,1,0,0,0,0,0,0,,2024-06-14T14:40:45.000Z,1786077721.2638152
petabyte,user,George Sanchez,,False,,1,0,0,0,1,0,0,,2021-08-15T19:43:06.000Z,1786077721.3609467
petabytecat,user,the way,,False,,1,0,0,0,0,0,0,,2025-10-23T21:41:32.000Z,1786077721.4345229
petadex,org,PETadex,,,False,1,1,0,8,,,0,8,,1786077721.5774915
petaina,user,Peter,,False,,1,0,0,0,0,0,0,,2025-12-07T22:14:59.000Z,1786077721.6578503
petals-team,org,Petals Team,,,False,2,0,0,15,,,0,3,,1786077721.7991025
petanikie,user,tam kien duong,,False,,1,0,1,0,0,0,0,,2026-02-23T07:31:11.000Z,1786077721.874815
petarpepi,user,Petar Petrov,,False,,3,0,0,0,0,1,0,,2022-11-16T09:12:54.000Z,1786077721.9471972
petarvasdev,user,Petar Vasilev,,False,,5,0,0,0,0,0,0,,2026-04-27T12:59:52.000Z,1786077722.0232735
pesimachete,user,Pedro Simao,,False,,3,0,0,0,0,0,0,,2026-01-11T14:01:02.000Z,1786077722.0464745
pesimistnoww,user,ozz,,False,,1,1,0,0,0,0,0,,2025-04-19T16:45:14.000Z,1786077722.0721953
petarvasilev,user,Petar Vasilev,,False,,3,1,0,0,1,2,0,,2022-09-04T23:52:09.000Z,1786077722.099136
pesimperkiana,user,PanduPratama,,False,,7,1,0,0,0,0,0,,2026-02-09T16:03:22.000Z,1786077722.1583145
petbatha049,user,petbatha,,False,,1,0,0,0,0,0,0,,2025-05-13T03:01:05.000Z,1786077722.1816976
petbox509iouyl,user,Jess Jeston,,False,,1,0,0,0,0,0,0,,2026-04-30T19:43:17.000Z,1786077722.1840928
petban,user,petban,,False,,2,1,1,0,1,2,0,,2026-05-02T09:27:20.000Z,1786077722.1857462
petc,user,pete chan,,False,,1,0,0,0,0,0,0,,2023-04-23T00:36:02.000Z,1786077722.2359939
petch0000,user,veerasorn songwarn,,False,,3,0,0,0,0,0,0,,2025-09-16T14:25:20.000Z,1786077722.2580826
petch-pr9,user,Nattapong Laohawanich,,False,,2,0,0,0,0,0,0,,2023-04-24T02:20:22.000Z,1786077722.2592092
petchbks01,user,Petch Baksters,,False,,6,0,0,0,0,0,0,,2023-08-10T04:17:48.000Z,1786077722.2623236
petcht1507,user,Petch Tariyacharoen,,False,,1,0,0,0,0,0,0,,2025-02-24T07:11:54.000Z,1786077722.3066518
petchtruk,user,Lapatrada Truktrongkij,,False,,1,0,0,0,0,0,0,,2025-08-09T01:29:53.000Z,1786077722.3282428
petdog,user,Pedro Carena,,False,,2,0,0,0,0,0,0,,2025-01-23T15:18:06.000Z,1786077722.3323443
pete-qo,user,Peter Ostrowski,,False,,2,0,1,0,0,0,0,,2024-02-06T23:51:35.000Z,1786077722.3394053
petchsira,user,Sirapatch Thammaleelakul,,False,,1,1,0,0,1,0,0,,2024-05-29T06:44:31.000Z,1786077722.3679733
pete2,user,Pete Pete,,False,,2,0,0,0,0,0,0,,2023-11-30T13:28:08.000Z,1786077722.3800232
pete333,user,Petar,,False,,6,0,0,0,2,1,0,,2023-08-16T04:51:54.000Z,1786077722.4018354
pete88b,user,Peter Butterfill,,False,,14,0,0,0,1,2,0,,2022-04-12T08:13:48.000Z,1786077722.4400744
petebachant,user,Pete Bachant,,False,,1,1,1,0,0,0,0,,2024-12-05T14:56:17.000Z,1786077722.4447951
pete45871,user,Mona Juliana,,False,,1,0,0,0,0,0,0,,2025-09-20T09:14:53.000Z,1786077722.4698176
petebch666,user,pierre blanchard,,False,,1,0,1,0,0,0,0,,2022-09-01T14:10:02.000Z,1786077722.4793048
peteblank,user,pete blank,,False,,2,0,2,0,0,0,0,,2023-01-18T20:32:45.000Z,1786077722.485557
petegordon,user,Pete Gordon,,False,,1,0,1,0,1,0,0,,2021-03-01T23:18:15.000Z,1786077722.5178046
petebrooks,user,Pete Brooks,,False,,1,0,1,0,0,0,0,,2023-04-05T04:44:28.000Z,1786077722.5193439
petehowdy,user,pete,,False,,1,0,0,0,0,0,0,,2024-03-01T11:07:22.000Z,1786077722.549977
petehinchliffe,user,John Manning,,False,,1,0,0,6,0,0,0,,2024-09-02T12:55:35.000Z,1786077722.5526125
petehoxi629,user,yuangong_27,,False,,1,0,0,0,0,0,0,,2025-05-16T01:28:52.000Z,1786077722.5587103
petejohnwilson,user,Phillip Welsh,,False,,1,0,0,15,0,0,0,,2024-07-19T20:53:18.000Z,1786077722.5945866
peteinge,user,Pete Inge,,False,,1,0,0,0,0,0,0,,2026-06-02T17:53:48.000Z,1786077722.608059
petellama,user,Pratik,,False,,1,0,0,0,0,0,0,,2024-09-07T16:05:44.000Z,1786077722.63257
peteli,user,李龙,,False,,1,0,0,0,7,0,0,,2023-03-11T04:46:19.000Z,1786077722.6347773
peteoyhh,user,PeteChen,,False,,2,0,4,0,0,0,0,,2025-03-24T06:47:29.000Z,1786077722.6728508
peteletkemanca,user,pete letkeman,,False,,2,0,0,0,0,0,0,,2024-09-23T22:48:22.000Z,1786077722.6857572
peteozegov,user,Pete Ozegovic,,False,,15,0,0,0,0,0,0,,2023-05-24T16:38:22.000Z,1786077722.689655
peteparker456,user,Peter parker,,False,,26,1,7,1,0,2,0,,2024-04-06T13:46:58.000Z,1786077722.7043564
peter-butcher,user,Peter Butcher,,False,,2,0,0,0,0,0,0,,2024-06-12T17:02:55.000Z,1786077722.7094452
peter-chl,user,Peter Lam,,False,,1,0,0,0,0,0,0,,2026-06-23T19:28:42.000Z,1786077722.7529235
peter-cxy,user,十堰郎,,False,,1,0,0,0,0,0,0,,2024-03-04T04:56:28.000Z,1786077722.7678027
peter-haan,user,Peter Haan,,False,,1,0,1,0,0,0,0,,2025-07-04T14:47:12.000Z,1786077722.7826767
peter-jeon,user,jisung jeon,,False,,1,0,0,0,4,0,0,,2025-02-03T01:39:07.000Z,1786077722.7867682
peter-nagy,user,Peter Nagy,,False,,4,0,0,0,0,0,0,,2023-02-10T01:21:58.000Z,1786077722.8388112
peter-ralbovsky,user,Peter Ralbovsky,,False,,2,0,0,0,0,0,0,,2025-12-06T12:17:14.000Z,1786077722.8436177
peter-sk,user,Peter Schneider-Kamp,,False,,8,0,0,5,17,3,0,,2023-02-13T15:33:23.000Z,1786077722.8593733
peter-sushko,user,Peter Sushko,,False,,1,2,0,3,14,13,3,,2024-02-07T01:12:11.000Z,1786077722.874426
peter-explosion-ai,user,Peter,,False,,2,0,0,0,1,0,0,,2022-01-31T16:16:16.000Z,1786077722.895127
peter-yuma,user,Peter Carlson,,False,,1,2,0,0,0,1,0,,2025-04-01T13:14:08.000Z,1786077722.9132466
peskova,user,Anastasiya Peskova,,False,,3,0,0,0,0,0,0,,2025-04-24T08:10:23.000Z,1786077722.929549
peter0000,user,hsu,,False,,1,0,0,0,0,0,0,,2024-10-07T08:00:03.000Z,1786077722.9322722
peter004,user,George Peter,,False,,1,0,0,0,0,0,0,,2026-03-21T16:03:21.000Z,1786077722.9333384
peter00611,user,s,,False,,1,0,1,0,0,0,0,,2026-03-04T11:21:20.000Z,1786077722.9659295
peter0113,user,Peter Tan,,False,,1,0,4,0,13,0,0,,2022-11-18T13:11:07.000Z,1786077722.9747968
peter0512lee,user,JIE-YING LI,,False,,1,0,0,0,0,0,0,,2023-07-27T02:40:37.000Z,1786077722.9897845
peter0620,user,Peter Kim,,False,,1,0,0,0,0,0,0,,2025-05-22T11:40:13.000Z,1786077723.0051003
peter090,user,peter,,False,,2,3,0,0,0,0,0,,2026-07-15T16:13:20.000Z,1786077723.0075932
peter0921,user,geng Peter,,False,,1,0,0,0,1,0,0,,2023-04-27T06:04:03.000Z,1786077723.0094566
peter1000,user,pan,,False,,1,0,0,0,0,0,0,,2024-09-04T13:50:23.000Z,1786077723.0465572
peter10291029,user,tt,,False,,1,0,0,0,1,0,0,,2026-06-10T13:05:15.000Z,1786077723.0532284
peter11111111,user,peter luo,,False,,1,0,0,0,0,0,0,,2026-01-28T14:55:09.000Z,1786077723.0671885
peter112,user,alex peter,,False,,1,0,0,0,0,0,0,,2024-01-01T19:28:54.000Z,1786077723.0770838
peter1133,user,pedro,,False,,12,0,0,0,0,0,0,,2022-11-12T22:08:59.000Z,1786077723.0843368
peter1216,user,wang,,False,,1,0,0,0,0,0,0,,2023-10-12T12:17:59.000Z,1786077723.0853407
peter123456,user,Yang,,False,,1,0,0,0,0,0,0,,2024-07-09T01:30:24.000Z,1786077723.1172113
peter168,user,peter xue,,False,,10,0,0,1,0,0,0,,2024-02-20T18:49:41.000Z,1786077723.125451
peter198477,user,peter,,False,,17,0,7,2,0,0,0,,2024-11-21T18:41:05.000Z,1786077723.1389575
peter1997,user,ball,,False,,5,0,5,0,0,0,0,,2023-03-24T09:58:49.000Z,1786077723.1562006
peter2111,user,pan,,False,,1,0,0,0,0,0,0,,2022-07-08T09:29:16.000Z,1786077723.1603017
peter2000,user,Erik Lehmann,,True,,15,3,9,7,23,3,0,,2021-10-22T10:17:06.000Z,1786077723.169665
peter22101984,user,peter84,,False,,1,0,0,0,0,0,0,,2025-05-11T05:20:11.000Z,1786077723.1995194
peteradhi,user,Peter Adhi,,False,,1,0,0,0,0,0,0,,2024-11-06T04:46:30.000Z,1786077822.9731326
petercarlyon,user,Peter Carlyon,,False,,1,0,0,0,0,0,0,,2023-05-11T10:16:45.000Z,1786077925.7374349
peterchenyipu,user,Yipu Chen,,False,,2,5,0,1,5,1,1,,2023-11-30T17:13:46.000Z,1786077949.6626513
peterface,user,Peter Nicholas,,False,,5,0,0,0,0,0,0,,2022-09-13T09:36:46.000Z,1786078019.4522214
peterfanwu,user,wu,,False,,3,0,0,0,0,0,0,,2022-01-21T09:15:11.000Z,1786078019.5287073
peterfei,user,peterfei,,False,,3,0,0,0,2,0,0,,2025-11-12T09:05:55.000Z,1786078019.603199
peterfeltermuff,user,Joshua Estep,,False,,1,0,0,0,0,0,0,,2026-02-18T02:40:25.000Z,1786078019.6796393
peterfff,user,zhang,,False,,2,0,0,0,0,0,0,,2025-12-30T05:54:26.000Z,1786078019.7538416
peterfomin,user,Peter Fomin,,False,,2,0,0,0,0,0,0,,2025-03-23T08:50:44.000Z,1786078019.8290112
peterfryd,user,Peter Skibdal Frydensberg,,False,,1,0,0,0,0,0,0,,2022-09-23T09:07:11.000Z,1786078019.9025662
peterfs,user,Anthony Wells,,False,,1,0,0,8,0,0,0,,2024-06-19T00:52:01.000Z,1786078019.9762359
peterfxai,user,Peter Szucs,,False,,4,2,0,0,0,0,0,,2026-01-01T13:10:41.000Z,1786078020.0543473
peterg325,user,Peter,,False,,1,0,0,0,0,0,0,,2024-03-17T18:41:25.000Z,1786078020.1311939
petergaemers,user,Peter Gaemers,,False,,4,0,0,0,0,0,0,,2024-12-13T20:07:29.000Z,1786078020.213596
petergerdes,user,Peter Gerdes,,False,,1,0,0,0,0,0,0,,2024-01-08T15:04:10.000Z,1786078020.3001344
petergiggity,user,Peter Griffin,,False,,1,0,0,0,0,0,0,,2025-03-01T22:30:36.000Z,1786078020.379264
petergilani,user,Peter Gilani,,False,,9,0,0,0,0,0,0,,2026-02-08T01:20:36.000Z,1786078020.4569693
petergoldstein,user,Peter Goldstein,,False,,7,0,0,0,0,0,0,,2022-08-21T02:10:08.000Z,1786078020.531515
petergood,user,mirandaparedes,,False,,4,0,0,0,0,0,0,,2024-09-09T16:26:43.000Z,1786078020.6084929
petergou,user,peter gao,,False,,1,0,0,0,0,0,0,,2022-12-22T01:57:10.000Z,1786078020.6970255
petergriffin9981,user,TYL,,False,,2,0,0,0,0,0,0,,2025-07-17T03:58:09.000Z,1786078020.7720044
peterhan91,user,Tianyu Han,,False,,2,6,1,2,16,0,0,,2023-03-29T20:06:23.000Z,1786078020.8716555
peterhdd,user,Peter,,False,,1,0,3,1,1,0,0,,2025-05-25T13:09:26.000Z,1786078020.9458368
peterheesterman,user,Peter Heesterman,,False,,1,0,1,0,0,0,0,,2023-10-23T01:36:59.000Z,1786078021.0055454
peterhodges6283,user,Sherry Eugene,,False,,1,0,0,0,0,0,0,,2025-09-23T11:22:07.000Z,1786078021.0196967
peterholc,user,Peter Holc,,False,,1,0,0,0,0,0,0,,2023-06-02T15:43:43.000Z,1786078021.081119
peterholdsworth,user,Peter Holdsworth,,False,,4,2,0,0,0,0,0,,2023-11-20T12:10:52.000Z,1786078021.0957854
peterhric,user,Hric,,False,,4,0,0,0,0,0,0,,2025-08-14T14:18:00.000Z,1786078021.1595798
peterhsu,user,Peter Hsu,,False,,27,1,0,1,0,0,0,,2021-04-18T16:14:46.000Z,1786078021.1711888
peterhu,user,peterhu,,False,,1,0,0,0,3,0,0,,2022-08-23T14:54:52.000Z,1786078021.2456305
peterhu72,user,Peter Hu,,False,,1,0,0,0,0,0,0,,2023-10-02T21:02:12.000Z,1786078021.247986
peterhuang24,user,Peter Huang,,False,,6,0,0,0,0,1,0,,2024-06-26T03:50:59.000Z,1786078021.3199375
peterhumphreys,user,Peter Humphreys,,False,,1,0,0,0,0,0,2,,2022-11-28T21:11:34.000Z,1786078021.3227873
peterhung,user,Peter Hoang,,False,,2,0,0,1,1,0,0,,2021-08-26T04:46:00.000Z,1786078021.3606133
peteristhegoat,user,Peter Cini,,False,,1,0,0,0,0,0,0,,2026-03-08T16:19:41.000Z,1786078021.3952591
peterj,user,Peter Jausovec,,False,,2,0,0,0,1,3,0,,2022-10-21T22:49:37.000Z,1786078021.3999104
peterjacksonsxx9,user,Peter Jackson,,False,,10,0,0,0,0,0,0,,2023-12-12T19:35:41.000Z,1786078021.4325902
peterjandre,user,Peter Andre,,False,,2,0,1,0,0,0,0,,2025-05-15T17:23:50.000Z,1786078021.4724536
peterjaq,user,jiang anqing,,False,,15,0,0,0,1,0,0,,2023-04-19T05:00:34.000Z,1786078021.478458
peterjaq05,user,jiang,,False,,3,0,0,0,0,0,0,,2025-05-10T10:38:31.000Z,1786078021.5037436
peterjaq06,user,peterjaq,,False,,1,0,0,0,0,0,0,,2025-05-10T13:22:22.000Z,1786078021.5441499
peterjaq07,user,peter,,False,,2,0,0,0,0,0,0,,2025-05-10T13:30:20.000Z,1786078021.55041
peterjay,user,peter crosbie,,False,,1,0,0,0,0,0,0,,2023-02-23T04:33:36.000Z,1786078021.5834718
peterjerry111,user,SSS,,False,,2,0,0,0,0,0,0,,2026-02-14T07:08:40.000Z,1786078021.623202
peterji,user,Peter Ji,,False,,1,0,0,2,1,2,5,,2023-04-23T07:04:30.000Z,1786078021.6346247
peterjin0703,user,JIN Cheng,,False,,2,0,0,0,2,0,0,,2022-12-17T05:35:29.000Z,1786078021.6591527
peterjl,user,Peter,,False,,1,0,0,0,0,0,0,,2024-05-31T14:48:20.000Z,1786078021.7014866
peterjohannmedina,user,Peter Johann Medina,,False,,5,0,0,5,0,0,0,,2026-03-12T18:15:45.000Z,1786078021.708897
peterjunioruy,user,Luiz,,False,,1,0,1,0,0,0,0,,2026-06-22T02:22:06.000Z,1786078021.7367985
peterjwms,user,Peter Williams,,False,,6,2,0,0,0,0,0,,2023-02-01T06:23:27.000Z,1786078021.7807078
peterk2023,user,kao,,False,,1,0,0,0,1,0,0,,2023-06-11T03:25:34.000Z,1786078021.8187876
peterka79,user,peter k,,False,,1,0,0,0,0,0,0,,2026-03-10T20:50:54.000Z,1786078021.8537982
peterjweir,user,PEter,,False,,1,0,0,0,0,0,0,,2023-06-23T20:09:15.000Z,1786078021.8549156
peterkang,user,peter parker,,False,,6,0,0,0,0,0,0,,2023-12-01T05:42:50.000Z,1786078021.8957386
peterkang222,user,Peter Kang,,False,,2,0,0,0,0,0,0,,2024-02-17T01:21:07.000Z,1786078021.9267821
peterkassner,user,peter kassner jackson,,False,,1,0,0,0,2,4,0,,2022-12-24T16:22:10.000Z,1786078021.9359696
peterkboes,user,Peter K Boes,,False,,1,0,1,0,3,0,0,,2025-01-31T05:10:51.000Z,1786078021.9714391
peterkeating,user,Peter Keating,,False,,2,0,0,0,2,2,0,,2022-10-13T18:00:59.000Z,1786078022.013929
peterkchung,user,Peter Chung,,False,,3,3,3,0,44,1,0,,2022-11-11T19:34:53.000Z,1786078022.0155087
peterkerno,user,kernohan,,False,,1,0,0,0,0,0,0,,2024-06-07T22:08:15.000Z,1786078022.0476599
peterking123,user,Peter King,,False,,4,0,0,0,0,0,0,,2025-03-28T09:05:25.000Z,1786078022.0912194
peterklein2308,user,Peter Klein,,False,,7,0,1,0,0,0,0,,2025-03-13T20:29:19.000Z,1786078022.092787
peterkrausenet,user,Peter Krause,,False,,9,0,0,0,0,0,0,,2024-08-28T07:37:56.000Z,1786078022.1370769
peterkz,user,Peter K,,False,,1,0,0,2,12,1,0,,2021-10-14T09:16:07.000Z,1786078022.1661155
peterkros,user,Peter,,False,,7,1,10,7,3,0,0,,2023-01-06T08:02:31.000Z,1786078022.171894
peterlamecks,user,Okello Peter,,False,,1,0,2,0,1,0,0,,2025-03-09T17:41:58.000Z,1786078022.2189388
peterlennards,user,Billy Peter Munyenyembe,,False,,1,0,0,0,0,0,0,,2024-11-26T13:45:18.000Z,1786078022.2577379
peterldasd,user,parker,,False,,321,0,0,0,0,0,0,,2024-12-31T16:16:17.000Z,1786078022.2724066
peterleukhardt,user,Peter Leukhardt,,False,,2,0,0,0,0,0,0,,2025-05-17T15:27:46.000Z,1786078022.2901242
peterli0913,user,Tao Li,,False,,1,0,0,0,0,0,0,,2023-09-09T04:17:50.000Z,1786078022.338015
peterlian,user,Peter Lian,,False,,1,0,0,0,0,1,0,,2023-04-28T14:00:26.000Z,1786078022.3670075
peterlone1008,user,peterlone Leon Khan,,False,,1,0,0,0,0,0,0,,2025-10-12T16:16:34.000Z,1786078022.3681762
peterlu02,user,Yinhan Lu,,True,,1,0,0,0,0,0,0,,2025-07-03T20:10:21.000Z,1786078022.4322977
peterlyeung,user,Peter Yeung,,False,,1,0,0,1,0,0,0,,2023-04-13T00:04:21.000Z,1786078022.4380703
peterma02,user,Peter Ma,,False,,2,0,0,2,0,0,0,,2024-05-10T17:58:21.000Z,1786078022.4484236
petermain,user,peter main,,False,,1,0,0,0,0,0,0,,2025-02-23T14:00:52.000Z,1786078022.5080104
petermando,user,peter mkcz,,False,,2,0,0,0,0,0,0,,2024-02-13T15:14:08.000Z,1786078022.5156107
petermchale,user,Peter McHale,,False,,1,0,0,0,0,0,0,,2022-01-07T00:43:32.000Z,1786078022.578222
petermoore0738541,user,petermoore0738541,,False,,1,0,0,0,0,0,0,,2025-06-15T05:15:21.000Z,1786078022.5919557
petermanton,user,Peter Manton,,False,,1,0,0,0,0,0,0,,2025-02-03T09:32:23.000Z,1786078022.61823
petermousses,user,Peter Mousses,,False,,1,0,0,0,0,0,0,,2024-09-07T02:49:36.000Z,1786078022.6513474
petermutwiri,user,Peter mutwiri,,False,,3,0,8,0,1,1,0,,2023-08-22T11:35:56.000Z,1786078022.6921778
petern48,user,Peter Nguyen,,False,,5,0,0,1,0,0,0,,2023-07-13T04:29:48.000Z,1786078022.6970851
peternazi,user,ochibe,,False,,2,0,0,0,0,0,0,,2025-05-03T06:40:00.000Z,1786078022.7329886
peterneijie,user,LIlili,,False,,2,4,0,0,0,0,0,,2025-07-10T10:06:38.000Z,1786078022.769074
peternguyen156,user,Peter Nguyen,,False,,3,3,0,0,0,0,0,,2025-12-26T06:33:08.000Z,1786078022.784665
peterni,user,Peter Ni,,False,,2,0,0,0,0,0,0,,2023-04-20T22:27:34.000Z,1786078022.8241506
peternscale,user,peter McArthur,,False,,1,0,0,1,0,0,0,,2024-11-11T12:22:55.000Z,1786078022.8453186
peterohler,user,Peter Ohler,,False,,1,0,0,0,0,0,0,,2023-11-16T16:45:05.000Z,1786078022.8626344
peterowira,user,Peter Owira,,False,,1,0,0,0,1,0,0,,2023-12-23T23:10:44.000Z,1786078040.264475
peterpangeri,user,Peter pangeri,,False,,1,0,0,0,0,0,0,,2024-04-18T22:53:57.000Z,1786078049.4748855
peterqiao2005,user,peter qiao,,False,,1,0,0,0,0,0,0,,2025-01-20T18:30:48.000Z,1786078113.5035126
petersamoaa,user,Peter Samoaa,,False,,4,0,0,0,0,0,0,,2023-07-21T13:56:15.000Z,1786078167.9473188
peterstran,user,Peter,,False,,5,2,0,0,0,0,0,,2025-10-01T15:09:19.000Z,1786078252.4646482
peterwei89,user,Chao-Chun Wei,,False,,3,0,0,0,0,0,0,,2023-12-25T21:47:30.000Z,1786078319.037414
peterworm,user,Peter Wormleighton,,False,,1,0,0,0,0,0,0,,2022-08-26T18:44:47.000Z,1786078319.1219523
peterwz,user,Zheng Wang,,False,,5,3,0,0,2,0,0,,2023-12-18T22:22:50.000Z,1786078319.2069309
peterxky,user,xu,,False,,1,1,0,1,0,0,0,,2025-05-12T15:11:58.000Z,1786078319.286295
peterxyz,user,Peter Ince,,True,,14,1,1,0,10,1,0,,2023-02-09T05:29:51.000Z,1786078319.3692174
peteryeung,user,Peter Yeung,,False,,1,0,0,0,0,0,0,,2023-05-27T16:05:39.000Z,1786078319.4463332
peteryushunli,user,Peter Li,,False,,14,0,3,0,6,4,0,,2023-05-31T04:09:35.000Z,1786078319.5478923
peteryxu,user,Peter Xu,,False,,2,0,3,0,0,0,0,,2022-12-30T18:24:28.000Z,1786078319.6212027
peterzhou-star,user,zhouxiaotian,,False,,8,0,0,0,0,0,0,,2026-04-09T13:59:49.000Z,1786078319.6935182
peterziegler,user,Peter Ziegler,,False,,3,5,0,0,0,0,0,,2026-01-03T17:19:21.000Z,1786078319.7741694
peterzzz12,user,albert,,False,,2,0,0,0,0,0,0,,2024-12-29T22:16:03.000Z,1786078319.8488986
petethechef,user,pete stevens,,False,,1,0,0,0,0,0,0,,2022-10-08T10:30:29.000Z,1786078319.9290235
petethegreatest,user,Peter Stroessler,,False,,2,5,0,0,0,0,0,,2024-05-16T18:27:32.000Z,1786078320.0038233
petethepoet,user,Peter Liptak,,False,,2,0,0,0,0,0,0,,2023-06-20T19:32:32.000Z,1786078320.0819051
petewele,user,ifa,,False,,1,1,0,0,0,0,0,,2024-11-15T08:56:32.000Z,1786078320.158372
petewil,user,Peter Williamson,,False,,1,0,3,0,0,0,0,,2024-03-07T02:57:01.000Z,1786078320.3215096
petey123456,user,Haidt,,False,,1,0,0,0,0,0,0,,2024-10-30T08:13:17.000Z,1786078320.4393446
petfunpark,user,petfunpark,,False,,1,0,0,0,0,0,0,,2024-07-16T16:59:31.000Z,1786078320.5198429
petguinhp01,user,Quan Minh Vu,,False,,1,0,1,0,0,0,0,,2025-10-16T23:29:38.000Z,1786078320.6023653
pethrow,user,NA,,False,,1,0,0,0,2,1,0,,2023-05-11T20:53:13.000Z,1786078320.677546
petil777,user,j.h.kim,,False,,1,0,0,0,0,2,0,,2023-10-11T02:20:09.000Z,1786078320.7520072
petili,user,Ilia Petryashin,,False,,1,0,0,0,0,0,0,,2022-11-02T15:42:29.000Z,1786078320.8334708
petipead,user,petipead,,False,,1,0,0,0,0,0,0,,2025-04-21T06:59:00.000Z,1786078320.91285
petitBiscuits,user,Loïc,,False,,1,1,0,0,0,0,0,,2023-07-04T19:58:53.000Z,1786078320.9938095
petitoursblanc,user,petitoursblanc,,False,,1,0,0,0,0,0,0,,2026-05-26T09:09:39.000Z,1786078321.0674844
petitpatoche,user,Patrick Audriaz,,False,,11,0,0,0,0,0,0,,2024-01-31T11:41:33.000Z,1786078321.1445885
peterwomen,user,Peter Carrillo,,False,,1,0,0,0,0,0,0,,2023-07-10T06:08:39.000Z,1786078321.1963034
petjia,user,Peter,,False,,2,0,0,0,0,0,0,,2026-04-01T11:37:28.000Z,1786078321.217684
peterwong,user,Peter Wong,,False,,1,0,0,0,0,0,0,,2024-04-16T03:49:24.000Z,1786078321.2421567
petmar2017,user,pet,,True,,1,0,0,0,0,0,0,,2023-04-18T01:17:27.000Z,1786078321.2927787
petkopetkov,user,Petko Petkov,,False,,33,30,1,5,1,9,0,,2023-06-22T09:54:19.000Z,1786078321.3017676
petmax84,user,Petrov,,False,,1,0,0,0,0,0,0,,2024-02-14T09:10:43.000Z,1786078321.321669
petneb,user,Peter Nebelong,,False,,6,0,0,0,0,0,0,,2022-12-14T17:33:51.000Z,1786078321.3656065
petoko,user,Meeter,,False,,1,0,0,0,0,0,0,,2024-12-04T13:39:45.000Z,1786078321.3792796
petr-B,user,Petr Baldaev,,False,,2,0,0,0,0,0,0,,2024-02-11T16:05:00.000Z,1786078321.400795
petlaz,user,Peter Ugonna Obi,,False,,2,1,5,0,3,0,0,,2025-07-06T04:27:13.000Z,1786078321.4076278
petr-jilek,user,Petr Jilek,,False,,1,0,0,0,0,0,0,,2023-11-17T04:14:54.000Z,1786078321.4471843
petr7555,user,Petr Janik,,False,,1,3,1,0,1,0,0,,2024-01-22T22:58:43.000Z,1786078321.4741912
petr567,user,OrionLabs,,False,,5,0,0,4,0,0,0,,2025-05-19T07:23:14.000Z,1786078321.4808009
peterwooden,user,Peter Wooden,,False,,13,0,0,0,0,0,0,,2025-10-23T09:49:38.000Z,1786078321.4847445
petra345,user,Petra Ibrahim,,False,,16,0,0,0,0,13,0,,2026-02-12T05:34:19.000Z,1786078321.4858787
petrabranco2828,user,petra.branco,,False,,1,0,0,0,0,0,0,,2025-06-15T09:16:35.000Z,1786078321.5206606
petrallaf,user,Francesco Petralla,,False,,1,0,1,0,0,0,0,,2025-06-17T11:46:48.000Z,1786078321.5495062
petrametal,user,Petra Arrano,,False,,1,0,0,0,0,0,0,,2025-05-05T03:45:12.000Z,1786078321.5554676
petramaier,user,Rom Gwall,,False,,1,0,0,0,0,0,0,,2025-11-26T15:48:50.000Z,1786078321.5564744
petrapostelnicu,user,Petra Postelnicu,,False,,1,0,0,0,0,0,0,,2025-12-01T14:24:40.000Z,1786078321.5631583
petrarium1,user,petrarium,,False,,2,0,0,0,0,0,0,,2025-02-20T10:45:59.000Z,1786078321.5959811
petrasoares3979,user,petra,,False,,1,0,0,0,0,0,0,,2025-06-15T11:14:03.000Z,1786078321.626712
petrato321,user,davi petrato,,False,,1,0,0,0,0,0,0,,2024-08-20T00:37:53.000Z,1786078321.6321242
petredimov,user,Petre,,False,,3,0,0,0,0,0,0,,2024-06-28T14:41:55.000Z,1786078321.6403487
petresco,user,petr luchko,,False,,2,0,0,0,3,0,0,,2022-10-19T00:34:20.000Z,1786078321.6440692
petrica,user,bogatu,,False,,1,0,0,0,0,0,0,,2024-01-02T20:51:20.000Z,1786078321.6680853
petrichorRainbow,user,skg,,False,,4,0,0,0,0,0,0,,2022-03-04T23:10:07.000Z,1786078321.7009575
petrichoro7,user,Li Shuyao,,False,,1,0,0,0,0,0,0,,2024-05-17T11:24:11.000Z,1786078321.7073753
petrick0x,user,petrick,,False,,1,0,0,0,0,0,0,,2025-04-21T11:54:16.000Z,1786078321.7171042
petrik46,user,M Haris S,,False,,1,0,0,0,0,0,0,,2025-08-02T03:17:47.000Z,1786078321.7206256
petrmiculek,user,Petr Mičulek,,False,,1,0,0,0,0,0,0,,2021-10-16T11:21:28.000Z,1786078321.748379
petrock,user,patrick mc,,False,,5,1,0,0,0,0,0,,2022-12-01T18:48:02.000Z,1786078321.7751937
petroica,user,petroica,,False,,9,0,0,0,0,0,0,,2023-06-27T22:51:42.000Z,1786078321.78572
petrosfk,user,Petros ,,False,,1,0,0,0,0,0,0,,2023-10-26T21:22:29.000Z,1786078321.7940958
petrosg,user,Petros Stylianos Giouroukis,,False,,3,0,0,0,2,0,0,,2023-08-29T07:52:37.000Z,1786078321.821758
petroupb,user,Petre,,False,,2,0,0,0,0,0,0,,2023-12-01T09:45:36.000Z,1786078321.8477752
petrov2f,user,Petrov Kirill,,False,,1,0,0,0,0,0,0,,2023-01-05T08:19:16.000Z,1786078321.8711598
petrov012017,user,Sergey Petrov,,False,,1,0,0,0,0,0,0,,2024-07-12T12:25:02.000Z,1786078321.8732057
petros,user,petros andreou,,False,,1,0,1,0,2,0,0,,2022-02-18T23:52:55.000Z,1786078321.8888402
petrovd,user,Dasha Petrov,,False,,2,0,0,0,0,0,0,,2025-05-20T00:17:58.000Z,1786078321.8982906
petrovich1202,user,Petrovich,,False,,1,0,0,0,0,0,0,,2026-01-01T20:04:16.000Z,1786078321.922658
petrovav024026,user,Alex,,False,,1,0,0,0,0,0,0,,2025-07-28T16:16:28.000Z,1786078321.9372036
petrovlaurent,user,pentrov laurent,,False,,1,0,0,0,0,0,0,,2021-06-10T07:35:30.000Z,1786078321.9466875
petrovito,user,Peter Zarandy,,False,,1,0,0,0,0,0,0,,2024-10-23T11:07:36.000Z,1786078321.9475384
petrpan26,user,Hoang Phan,,False,,1,5,0,0,0,0,0,,2023-11-23T22:43:05.000Z,1786078321.9616632
petrpolacek,user,Petr Polacek,,False,,1,0,0,0,1,0,0,,2023-11-24T14:58:25.000Z,1786078321.9753375
petrpravda,user,Petr Pravda,,False,,1,0,1,0,0,0,0,,2023-12-23T10:56:25.000Z,1786078321.9977794
petrprtrov,user,Петр Петров,,False,,1,0,0,0,0,0,0,,2025-06-18T22:00:09.000Z,1786078322.016841
petru-cho,user,Andrei Kalenik,,False,,3,0,0,0,0,0,0,,2023-11-10T12:20:53.000Z,1786078322.019055
petrsed,user,Sedelnikov Petr,,False,,2,0,0,0,0,0,0,,2024-09-14T10:58:20.000Z,1786078322.020689
petrusilius,user,Johann,,False,,1,0,0,0,1,0,0,,2026-03-18T19:16:22.000Z,1786078322.038494
petrusnm,user,Petrus Nicolas Manurung,,False,,1,4,1,0,3,0,0,,2024-02-18T11:30:07.000Z,1786078322.053814
petrvaclavek,user,Petr Václavek,,False,,1,0,0,0,0,0,0,,2024-02-21T14:57:55.000Z,1786078322.0723786
petsdom,user,sam jhon,,False,,1,0,1,0,0,0,0,,2023-03-10T19:25:33.000Z,1786078322.090997
petrznel,user,Nela Petrželková,,False,,7,0,0,0,1,0,0,,2022-11-28T21:00:51.000Z,1786078322.0923183
petssdvVSD,user,DSVSV,,False,,1,0,0,0,0,0,0,,2025-05-30T05:52:34.000Z,1786078322.0951133
pettankoutei,user,Pettan Koutei,,False,,14,0,0,50,2,1,0,,2024-01-09T02:32:33.000Z,1786078322.1145592
pettdev,user,Peter Alli Aguilera,,False,,3,0,0,0,1,0,0,,2022-11-19T04:32:38.000Z,1786078322.1283786
pettemae,user,Petter Mæhlum,,False,,2,0,0,2,0,0,1,,2022-11-11T11:07:45.000Z,1786078322.1495454
petter2014,user,song heesoo,,False,,1,0,0,0,0,1,0,,2025-09-28T05:46:17.000Z,1786078322.1689796
petterhg,user,Petter,,False,,1,0,0,2,0,0,0,,2022-12-25T18:08:36.000Z,1786078322.1713574
petteraxcellp,user,PETTER PEÑAFIEL MACIAS,,False,,1,0,0,0,0,0,0,,2025-02-19T14:21:07.000Z,1786078322.1723666
petterlucas2,user,Can I talk to someone on Spotify?,,False,,1,0,0,0,0,0,0,,2025-08-07T08:11:21.000Z,1786078322.1884117
pettersf,user,mark,,False,,1,0,0,0,1,0,0,,2025-05-04T11:21:24.000Z,1786078322.2236392
pettermak,user,potter,,False,,1,0,0,0,0,0,0,,2026-06-18T12:11:18.000Z,1786078322.2251184
pettymadelinejekd,user,pettymadelinejekd,,False,,1,0,0,0,0,0,0,,2025-06-14T04:31:00.000Z,1786078322.2431705
pettertonar,user,Gustafsson,,False,,9,0,0,0,1,0,0,,2024-11-15T04:55:07.000Z,1786078322.2442486
pettethekignofai,user,ddug,,False,,1,0,0,0,0,0,0,,2025-04-22T15:10:25.000Z,1786078322.2468495
petualang,user,DesiArti,,False,,11,0,2,0,0,0,0,,2024-01-04T21:11:05.000Z,1786078322.2614138
petuniajacobson,user,Petunia Jacobson,,False,,1,0,0,0,0,0,0,,2024-01-03T18:14:34.000Z,1786078322.2937555
peturbg,user,perue,,False,,1,0,0,0,0,0,0,,2023-06-17T15:53:26.000Z,1786078322.298443
petuuartie3779,user,uiuyi,,False,,1,0,0,0,0,0,0,,2025-06-03T01:58:08.000Z,1786078322.3185875
petyauz,user,Petya,,False,,1,0,0,0,0,0,0,,2024-04-26T20:02:52.000Z,1786078322.3197145
petyussz,user,Peter Sarosdi,,False,,1,0,0,0,0,0,0,,2023-04-24T20:49:31.000Z,1786078322.323242
petzhang,user,Zihe Zhang,,False,,8,0,0,0,0,0,0,,2024-08-05T15:37:28.000Z,1786078322.337498
petzov,user,Stefan Petzov,,False,,1,0,0,0,1,0,0,,2022-07-18T20:36:43.000Z,1786078322.3741844
peuanthinsan,user,Peuan THinsan,,False,,1,0,1,0,0,0,0,,2023-10-10T17:15:22.000Z,1786078322.3815627
peulsilva,user,Pedro Luiz Silva,,False,,75,3,0,0,0,1,0,,2023-10-26T17:40:29.000Z,1786078322.3915575
peuin,user,Nguyễn Mạnh QUỳnh,,False,,1,0,0,0,0,0,0,,2026-05-05T05:18:01.000Z,1786078322.3935103
peung47,user,nampeung,,False,,1,0,0,0,0,0,0,,2026-07-18T07:20:15.000Z,1786078322.4042242
pevato,user,pevato8957,,False,,1,0,0,0,0,0,0,,2024-04-13T05:54:38.000Z,1786078322.4176567
pevers,user,Peter Evers,,False,,3,0,0,5,3,0,0,,2024-10-20T16:29:56.000Z,1786078322.455604
pevgeniy,user,Jony Forsite,,False,,1,0,2,0,10,0,0,,2023-11-25T11:11:50.000Z,1786078322.458019
pevpearce07,user,pevita pearce,,False,,1,0,0,0,0,0,0,,2025-04-21T16:57:02.000Z,1786078322.4689884
pevis,user,Pevis Ole,,False,,2,0,0,0,0,0,0,,2025-04-28T02:31:30.000Z,1786078322.4805212
pew99,user,COOL,,False,,1,0,0,0,0,0,0,,2025-10-10T16:04:13.000Z,1786078322.4816918
pewdsxqwerty,user,bhargav,,False,,1,0,2,0,0,0,0,,2025-10-20T17:37:27.000Z,1786078322.5319655
pewnobihh,user,jarver,,False,,1,1,0,2,4,0,0,,2025-02-10T06:28:34.000Z,1786078322.5424054
pewriebontal,user,Pewrie Bontal,,False,,1,0,1,1,1,1,0,,2021-06-12T05:17:35.000Z,1786078322.5465858
pewuenzet,user,Rafał,,False,,1,0,0,0,1,0,0,,2025-05-10T15:54:07.000Z,1786078322.5527062
pexa8335,user,Phan Anh,,False,,4,0,0,1,0,0,0,,2024-10-30T01:23:50.000Z,1786078322.5582783
pewcubes,user,Law Zhei En,,False,,1,0,1,0,0,0,0,,2025-03-13T02:59:45.000Z,1786078322.5626216
pexaos,user,Emerson Silva,,False,,1,0,0,0,0,0,0,,2024-10-24T00:37:10.000Z,1786078322.6030807
pexkmane,user,pexkmane,,False,,1,0,0,0,0,0,0,,2023-10-29T23:18:06.000Z,1786078322.6151154
pexs12,user,apexs,,False,,1,0,0,0,0,0,0,,2025-12-10T18:40:34.000Z,1786078322.6243806
peyash,user,Taufiquzzaman peyash,,False,,1,0,0,0,33,0,0,,2020-07-19T08:00:23.000Z,1786078322.6340017
pey12,user,pey,,False,,1,0,0,0,6,0,0,,2023-12-11T06:15:37.000Z,1786078322.6363204
peyeng,user,Pey,,False,,1,0,0,0,0,0,0,,2025-03-29T13:25:30.000Z,1786078322.6375837
peykart,user,peyk kavar,,False,,1,0,0,0,0,0,0,,2024-08-08T15:33:40.000Z,1786078322.6770947
peyman123,user,peymannn,,False,,1,0,1,0,0,0,0,,2025-01-13T11:07:20.000Z,1786078322.693772
peyman321,user,peyman pourparhizkar,,False,,1,0,0,0,0,0,0,,2025-03-07T18:09:25.000Z,1786078322.7004519
peymanatlylu,user,peyman hasani,,False,,1,2,0,0,0,0,0,,2023-06-13T13:32:18.000Z,1786078322.707321
peyman95,user,peymanmohammadi,,False,,1,0,0,0,0,0,0,,2025-01-30T13:24:35.000Z,1786078322.708749
peymani,user,irani,,False,,1,0,0,0,0,0,0,,2023-12-16T10:03:33.000Z,1786078322.71342
peymanm,user,momo,,False,,1,0,0,0,0,0,0,,2024-07-22T23:15:06.000Z,1786078322.7543027
peymanmf,user,peyman farkhondeh,,False,,1,0,0,0,0,0,0,,2024-04-11T12:02:14.000Z,1786078322.7684207
peymanmoj,user,Maj,,False,,1,0,0,0,0,0,0,,2024-04-21T21:21:45.000Z,1786078322.773787
peyschen,user,Pol Eyschen,,False,,1,3,0,0,0,0,0,,2023-11-23T09:09:02.000Z,1786078322.7860477
peymansyh,user,Peyman Attarsayyah,,False,,3,0,1,0,0,0,0,,2023-07-28T10:40:13.000Z,1786078322.7887268
peymil,user,Emre ,,False,,1,1,0,0,0,0,0,,2024-01-14T02:25:40.000Z,1786078322.789939
peytonai,user,os,,False,,1,0,0,0,0,0,0,,2023-06-17T03:30:34.000Z,1786078322.8442597
peytoncasper,user,Peyton Casper,,False,,1,0,0,0,0,0,0,,2022-12-19T03:18:39.000Z,1786078322.8511202
peytonwsmith,user,Peyton William Smith,,False,,2,1,0,0,0,0,0,,2023-09-17T00:16:10.000Z,1786078322.8602626
peytonnash,user,Peyton Nash,,False,,1,0,0,0,0,0,0,,2025-03-04T02:23:29.000Z,1786078322.861413
peytonleathem,user,Peyton Leathem,,False,,2,0,0,0,0,0,0,,2023-03-27T13:45:55.000Z,1786078322.8623579
peyzaz,user,Halil Çalım,,False,,1,0,0,0,0,0,0,,2025-02-28T13:25:26.000Z,1786078322.9197943
pez647,user,PeI,,False,,1,0,0,0,0,0,0,,2025-02-08T14:11:24.000Z,1786078322.924276
peyterho,user,Peter Ho,,True,,6,2,4,1,0,0,0,,2021-07-17T23:05:05.000Z,1786078322.948543
pfaffic,user,n p,,False,,1,1,1,0,0,0,0,,2024-05-13T06:28:13.000Z,1786078389.4268084
pfaohQoOYoSa8,user,ehbrdtghn,,False,,1,0,0,0,0,0,0,,2025-06-02T09:27:37.000Z,1786078389.5048854
pfeira,user,Paulo Santos,,False,,1,0,0,0,0,0,0,,2025-02-13T11:12:04.000Z,1786078456.0599341
